user_id,post_id,post,comments,created_on
363e5f7f-70f0-4fc4-9f9c-a164da49c89a,c026ac59-48df-4fe8-8e8b-490abfeeeb0b,aaadddccccs,[],2021-05-14 13:47:33.006060
ce1a25a5-89d5-4e65-a64b-f2bc11131813,3f864846-02e5-4a75-a63b-9f8cb9439349,fgfgfgfg,[],2021-05-14 23:13:36.893521
426b92c4-67a3-4881-81ee-90eddfb15997,aac4f6be-889a-4e10-bc18-5cb94a49697a,hiii,[],2021-05-18 12:16:30.205973
d,e,d,e,d,e
y,t,y,t,y,t,y,t,y,t
o,l,b,h,g,t,y,f,d
7a9f0295-9e76-4ed5-b4fa-5c11bf6b2f7a,2d3c5b01-e7fb-401a-a2bf-f1e01ba29a53,eeee,[],2021-06-01 01:12:24.994523
b7b41f82-c61b-4b41-ae04-5890ccdf616d,9685d3f4-816e-4c42-99d2-ab86091f57e1,it warm!,[],2021-06-02 12:17:58.787284
b7b41f82-c61b-4b41-ae04-5890ccdf616d,6e8c2f88-1fdf-497f-9091-ea3681d62c04,,[],2021-06-02 12:19:21.320678
k,j,j
i,m, ,s,o, ,g,l,a,d, ,.,.
e,e,e,e,e,e,e,e
m,m,m,m,m,m,m
